주요거리,SKT,강남구,선릉역주변,37.50738069997576,127.0509385692745
공공청사,서울시,강남구,아동복지센터,37.48252114556748,127.0887327501772
주요거리,SKT,강남구,청담패션거리,37.52961599854606,127.04092970620701
주요거리,SKT,강남구,청담패션거리,37.526576897933104,127.03986552239986
주요거리,SKT,강남구,청담패션거리,37.526576897933104,127.03986552239986
주요거리,SKT,강남구,청담패션거리,37.5274474729889,127.04028577129604
주요거리,SKT,강남구,과학기술원앞,37.50376384773673,127.03097758247247
주요거리,SKT,강남구,역삼역주변,37.503202325787434,127.03582483365926
주요거리,SKT,강남구,선릉역주변,37.50720296662072,127.0483574747256
주요거리,SKT,강남구,선릉역주변,37.50720296662072,127.0483574747256
주요거리,SKT,강남구,선릉역주변,37.50651765800344,127.04819995270319
주요거리,SKT,강남구,선릉역주변,37.50816809814769,127.04921093862693
주요거리,SKT,강남구,역삼역주변,37.502761052199475,127.03668490662153
주요거리,SKT,강남구,국기원,37.50478311076785,127.03039447584985
주요거리,SKT,강남구,국기원,37.50478311076785,127.03039447584985
주요거리,SKT,강남구,청담패션거리,37.52845993011074,127.04058487230513
주요거리,SKT,강남구,청담패션거리,37.52917551851028,127.04112404014482
주요거리,SKT,강남구,청담패션거리,37.5277566661806,127.04064437427354
공공청사,서울시,강동구,광나루 한강안내센터,37.552672827951326,127.12304866908696
공공청사,서울시,강동구,광나루 한강안내센터,37.552672827951326,127.12304866908696
주요거리,LGU+,강북구,미아삼거리역,37.616136568249274,127.03160099843711
주요거리,LGU+,강북구,미아삼거리역,37.6158792341885,127.03112141444946
주요거리,LGU+,강북구,미아삼거리역,37.61603906149173,127.0306779465032
공원,SKT,강북구,우이천,37.64372876552751,127.03365648196367
공원,SKT,강북구,우이천,37.64372876552751,127.03365648196367
공원,SKT,강북구,우이천,37.64212792632199,127.03441401011955
공원,SKT,강북구,우이천,37.64483052556737,127.03243989369962
공원,SKT,강북구,우이천,37.6355934819494,127.03975496388716
공원,SKT,강북구,우이천,37.62716190047828,127.05041514052067
공원,SKT,강북구,우이천,37.62716190047828,127.05041514052067
공원,SKT,강북구,우이천,37.64757559613643,127.02806236964703
공공청사,서울시,강서구,강서 한강안내센터,37.59917047870924,126.80480875916672
주요거리,SKT,강서구,김포공항(국내선),37.56192572642688,126.80480708417892
주요거리,SKT,강서구,김포공항(국제선),37.56192572642688,126.80480708417892
주요거리,SKT,강서구,김포공항(국제선),37.56192572642688,126.80480708417892
주요거리,SKT,강서구,김포공항(국제선),37.56790415464075,126.80178453315074
주요거리,SKT,강서구,화곡역,37.54433566563192,126.84058302825609
주요거리,SKT,강서구,화곡역,37.54446245195153,126.84178331525447
주요거리,LGU+,강서구,까치산역,37.53543350304303,126.84715468099165
주요거리,LGU+,강서구,까치산역,37.53543350304303,126.84715468099165
주요거리,LGU+,강서구,까치산역,37.534453266165144,126.84771947395355
주요거리,LGU+,강서구,까치산역,37.53244394750539,126.84886110754212
주요거리,LGU+,관악구,사당역,37.4785185165865,126.9821291304884
주요거리,LGU+,관악구,사당역,37.4785540775962,126.98094756900625
주요거리,LGU+,관악구,사당역,37.4785540775962,126.98094756900625
주요거리,LGU+,관악구,서울대입구역,37.485921067345735,126.95525322552712
주요거리,LGU+,관악구,서울대입구역,37.48220842722315,126.95300296002577
주요거리,LGU+,관악구,신림역,37.487851208138366,126.9306254987766
주요거리,LGU+,관악구,신림동고시촌,37.47190189079888,126.93846272628477
주요거리,LGU+,관악구,신림동고시촌,37.47190189079888,126.93846272628477
주요거리,LGU+,관악구,신림역,37.486259843952155,126.93043254810941
주요거리,LGU+,관악구,구로디지털단지역,37.48666020231837,126.90354206638256
주요거리,LGU+,관악구,신대방역,37.48874283212823,126.91438124919426
주요거리,LGU+,관악구,신림동고시촌,37.47190194501784,126.93856442273545
주요거리,LGU+,관악구,신림동고시촌,37.47190194501784,126.93856442273545
광장,LGU+,관악구,관악산입구 만남의 광장,37.470647023418564,126.9475531655128
공원,LGU+,광진구,아차산생태공원,37.55595472395073,127.10063324090237
공원,SKT,광진구,어린이대공원,37.552167767081315,127.08310581921253
공원,SKT,광진구,어린이대공원,37.551891312192375,127.07763358584583
공원,SKT,광진구,어린이대공원,37.551891312192375,127.07763358584583
공원,SKT,광진구,어린이대공원,37.55354528672079,127.0783029907852
공원,SKT,광진구,어린이대공원,37.55270581118683,127.07884858522968
공원,SKT,광진구,어린이대공원,37.55193459246791,127.07890018482207
공원,SKT,광진구,어린이대공원,37.55225935034335,127.07987663637556
공원,SKT,광진구,어린이대공원,37.55225935034335,127.07987663637556
공원,SKT,광진구,어린이대공원,37.55225335597546,127.07992154631648
공원,SKT,광진구,어린이대공원,37.551919432011346,127.08019068131927
공원,SKT,광진구,어린이대공원,37.553671512255626,127.08030480995578
공원,SKT,광진구,어린이대공원,37.551675002668965,127.0803251607009
공원,SKT,광진구,어린이대공원,37.551675002668965,127.0803251607009
공원,SKT,광진구,어린이대공원,37.551627302534676,127.08035468092359
공원,SKT,광진구,어린이대공원,37.55335559328235,127.08037932755076
공원,SKT,광진구,어린이대공원,37.55184169590256,127.0805798487132
공원,SKT,광진구,어린이대공원,37.549784179793896,127.08093546571521
공원,SKT,광진구,어린이대공원,37.549784179793896,127.08093546571521
공원,SKT,광진구,어린이대공원,37.554068804400416,127.08151027720383
공원,SKT,광진구,어린이대공원,37.55367068372298,127.08153695585702
공원,SKT,광진구,어린이대공원,37.554033019772675,127.08154617052183
공원,SKT,광진구,어린이대공원,37.550551348739276,127.08158601658147
공원,SKT,광진구,어린이대공원,37.550551348739276,127.08158601658147
공원,SKT,광진구,어린이대공원,37.554047286785305,127.08160622262155
공원,SKT,광진구,어린이대공원,37.555106727498554,127.08188134548945
공원,SKT,광진구,어린이대공원,37.55209901143809,127.08255779925506
공원,SKT,광진구,어린이대공원,37.55263250992357,127.08327100810446
공원,SKT,광진구,어린이대공원,37.55263250992357,127.08327100810446
공원,SKT,광진구,어린이대공원,37.55121517976939,127.08342665900219
공원,SKT,광진구,어린이대공원,37.55116977889966,127.08358230303395
공원,SKT,광진구,어린이대공원,37.550599256366795,127.0846985037852
공원,SKT,광진구,어린이대공원,37.55150906420806,127.08070674174252
공원,SKT,광진구,어린이대공원,37.55150906420806,127.08070674174252
공원,SKT,광진구,어린이대공원,37.552197588979595,127.08132727728012
주요거리,LGU+,광진구,건대주변,37.54352703709951,127.06693298658888
주요거리,LGU+,광진구,건대주변,37.54239280998244,127.07024018433776
공공청사,서울시,광진구,뚝섬 한강안내센터,37.5321310716991,127.07476043056124
공공청사,서울시,광진구,뚝섬 한강안내센터,37.5321310716991,127.07476043056124
공원,SKT,광진구,뚝섬한강공원,37.532026803936006,127.07434560220639
공원,SKT,광진구,뚝섬한강공원,37.5330201914036,127.06741670868641
주요거리,LGU+,광진구,건대주변,37.54550286401574,127.07178493291855
주요거리,LGU+,광진구,건대주변,37.54993003212024,127.07326369567477
주요거리,LGU+,광진구,건대주변,37.54993003212024,127.07326369567477
주요거리,LGU+,광진구,건대주변,37.550253243951666,127.07094354330516
주요거리,LGU+,광진구,건대주변,37.55040983856634,127.06809175429305
주요거리,LGU+,광진구,건대주변,37.54328602646268,127.07149842843201
주요거리,LGU+,광진구,건대주변,37.545184434586155,127.06584164443353
주요거리,LGU+,광진구,건대주변,37.545184434586155,127.06584164443353
주요거리,LGU+,광진구,건대주변,37.54441906068569,127.07033186718306
주요거리,LGU+,광진구,건대주변,37.54553975761533,127.06985385651116
공원,SKT,구로구,고척근린공원,37.50817544655871,126.85270500708069
공원,SKT,구로구,고척근린공원,37.50704987695875,126.85350165034124
공원,SKT,구로구,고척근린공원,37.50704987695875,126.85350165034124
공원,SKT,구로구,고척근린공원,37.508080771927936,126.85434647985997
주요거리,LGU+,구로구,구로디지털단지,37.48663434270455,126.89922456758664
주요거리,LGU+,구로구,구로디지털단지,37.4884260872325,126.89678390222603
주요거리,LGU+,구로구,구로디지털단지,37.48855408249074,126.89331336997856
주요거리,LGU+,구로구,구로디지털단지,37.48855408249074,126.89331336997856
공원,SKT,구로구,거리공원,37.50133527223961,126.893227595821
공원,SKT,구로구,거리공원,37.50307420027678,126.8918037619552
공원,SKT,구로구,거리공원,37.50593744861713,126.88946552029384
공원,SKT,구로구,거리공원,37.504505824822125,126.89062867507184
공원,SKT,구로구,거리공원,37.504505824822125,126.89062867507184
주요시장,SKT,노원구,공릉 도깨비시장,37.625564516936265,127.07575271436903
공원,LGU+,노원구,당현천 주변,37.65792289259465,127.07280596010942
주요거리,SKT,노원구,노원문화의거리,37.65793469760764,127.06475850762479
주요거리,SKT,노원구,노원문화의거리,37.658608628278344,127.06603643105989
주요거리,SKT,노원구,노원문화의거리,37.658608628278344,127.06603643105989
주요거리,LGU+,노원구,노원문화의거리,37.65854155441533,127.06499992517351
주요거리,SKT,노원구,노원역 일대 ,37.65954232539669,127.0632248582377
주요거리,SKT,노원구,노원문화의거리,37.65814747529195,127.06359827606408
주요거리,SKT,노원구,노원역사거리,37.65625536214898,127.06140879824576
주요거리,SKT,노원구,노원역사거리,37.65625536214898,127.06140879824576
공원,LGU+,노원구,당현천 주변,37.64103335737738,127.05989632159252
주요거리,SKT,노원구,노원역사거리,37.656905550918815,127.0602249365615
주요거리,SKT,노원구,노원역사거리,37.657457881533645,127.06395094246426
공원,LGU+,노원구,당현천 주변,37.64248563618237,127.06124049949193
공원,LGU+,노원구,당현천 주변,37.64248563618237,127.06124049949193
주요거리,SKT,노원구,광운대학교 앞,37.6256496465198,127.06098405671787
주요거리,SKT,노원구,광운대학교 앞,37.62580282896817,127.06212161323786
공원,SKT,노원구,각심어린이공원,37.63242677646512,127.05265397533763
공원,SKT,노원구,중계근린공원,37.64349379056861,127.06623453723623
공원,SKT,노원구,중계근린공원,37.64349379056861,127.06623453723623
공원,LGU+,노원구,당현천 주변,37.649282667778934,127.06445842305254
공원,LGU+,노원구,당현천 주변,37.65289272252024,127.06924371536995
공원,SKT,노원구,중계근린공원,37.64164604398938,127.06673507097642
공원,SKT,노원구,중계근린공원,37.641771337519806,127.06700497818134
공원,SKT,노원구,중계근린공원,37.641771337519806,127.06700497818134
공원,SKT,노원구,중계근린공원,37.641818888232656,127.06723697446756
공원,SKT,노원구,중계근린공원,37.643351010453216,127.06577723643899
공원,SKT,노원구,중계근린공원,37.644364050688374,127.06811666726836
주요거리,SKT,노원구,노원은행사거리,37.65321037127542,127.077357204811
주요거리,SKT,노원구,노원은행사거리,37.65321037127542,127.077357204811
광장,SKT,도봉구,도봉산,37.689742126317526,127.04098331832529
공원,SKT,도봉구,방학천,37.66251168763378,127.03348432884324
주요거리,SKT,도봉구,덕성여대,37.65429381702282,127.0144560573859
문화시설,SKT,도봉구,문화정보센터,37.64723972856023,127.0448615731934
문화시설,SKT,도봉구,문화정보센터,37.64723972856023,127.0448615731934
공원,SKT,도봉구,창동운동장,37.66078024819196,127.05166427135046
문화시설,SKT,동대문구,동대문문화회관,37.57455400038884,127.06453710817291
주요시장,SKT,동대문구,청량리시장,37.57651771461809,127.02532166359049
주요시장,SKT,동대문구,풍물시장,37.57550128141703,127.0263831255843
주요시장,SKT,동대문구,풍물시장,37.57550128141703,127.0263831255843
공원,SKT,동대문구,우산각어린이공원,37.5755165936505,127.02481516993203
주요시장,SKT,동대문구,청량리시장,37.5755165936505,127.02481516993203
문화시설,SKT,동대문구,용두교육장,37.581425715935154,127.03050949019647
광장,SKT,동대문구,동대문구청,37.57720027568076,127.04036392889529
광장,SKT,동대문구,동대문구청,37.57720027568076,127.04036392889529
주요시장,SKT,동대문구,경동시장,37.59907644673693,127.0625959382406
공원,SKT,동대문구,우산각어린이공원,37.599102887693945,127.06228736224828
주요시장,SKT,동대문구,경동시장,37.599102887693945,127.06228736224828
문화시설,SKT,동대문구,장안교육장,37.57069386405911,127.06706742002623
문화시설,SKT,동대문구,장안교육장,37.57069386405911,127.06706742002623
문화시설,SKT,동대문구,전농교육장,37.580741954047745,127.04849742243414
주요거리,SKT,동대문구,외국어대 거리,37.58188571379229,127.03865148879171
주요시장,SKT,동대문구,서울악령시,37.58188571379229,127.03865148879171
주요시장,SKT,동대문구,서울악령시,37.58259942070513,127.04303418029701
주요시장,SKT,동대문구,서울악령시,37.58259942070513,127.04303418029701
공원,SKT,동대문구,우산각어린이공원,37.58258385136499,127.04152148077961
주요거리,SKT,동대문구,외국어대 거리,37.58152370196943,127.0375909437396
주요시장,SKT,동대문구,청량리시장,37.58411604256325,127.0449836025694
주요거리,LGU+,동작구,노량진역 인근,37.516946507962665,126.94598239657844
주요거리,LGU+,동작구,노량진역 인근,37.516946507962665,126.94598239657844
주요거리,LGU+,동작구,노량진역 인근,37.51153350343737,126.94156409458316
주요거리,LGU+,동작구,노량진역 인근,37.516143124182484,126.94281179964503
공원,SKT,동작구,보라매공원,37.49323945341391,126.91737806743345
공원,SKT,동작구,보라매공원,37.494338538303715,126.92095965449886
공원,SKT,동작구,보라매공원,37.494338538303715,126.92095965449886
공원,SKT,동작구,보라매공원,37.496770836891145,126.92201920437003
공원,SKT,동작구,보라매공원,37.49477438339372,126.92211108398645
공원,SKT,동작구,보라매공원,37.496675940282934,126.9226999894908
공원,SKT,동작구,보라매공원,37.495189816826944,126.91955252742125
공원,SKT,동작구,보라매공원,37.495189816826944,126.91955252742125
주요거리,LGU+,마포구,신촌이대주변(마포구),37.55761204295666,126.93819337024155
주요거리,LGU+,마포구,홍대주변,37.55783865502326,126.92251796935587
공공청사,서울시,마포구,망원 한강안내센터,37.555266939543515,126.90032747056705
공원,서울시,마포구,평화의공원,37.56433212706584,126.89254358885592
공원,서울시,마포구,평화의공원,37.56433212706584,126.89254358885592
공원,서울시,마포구,평화의공원,37.56656189640742,126.89346872999101
공원,LGU+,마포구,하늘공원,37.571816495439364,126.88709279258836
공원,LGU+,마포구,난지도 캠핑장,37.57291641510971,126.873254616466
공원,LGU+,마포구,노을공원,37.578027239277006,126.87063181000818
공원,LGU+,마포구,노을공원,37.578027239277006,126.87063181000818
공원,LGU+,마포구,노을공원,37.57644572719439,126.8740640860192
공원,서울시,마포구,평화의공원,37.56468794545982,126.89065638972278
공원,서울시,마포구,평화의공원,37.56625040446294,126.89174717184676
공원,서울시,마포구,평화의공원,37.56753881099176,126.89295819862274
공원,서울시,마포구,평화의공원,37.56753881099176,126.89295819862274
공원,서울시,마포구,평화의공원,37.565406014727735,126.89379982017104
공원,서울시,마포구,평화의공원,37.565728573280715,126.89460794774337
공원,서울시,마포구,평화의공원,37.56423954635483,126.8955983337647
주요거리,LGU+,마포구,홍대주변,37.555617427586476,126.9251628507533
주요거리,LGU+,마포구,홍대주변,37.555617427586476,126.9251628507533
주요거리,LGU+,마포구,홍대주변,37.55701157403178,126.92451014140758
주요거리,LGU+,마포구,홍대주변,37.55453220657248,126.92429559660015
공원,서울시,마포구,평화의공원,37.56587503996513,126.89847099762339
공원,서울시,마포구,평화의공원,37.566957412963724,126.89587898828205
공원,서울시,마포구,평화의공원,37.566957412963724,126.89587898828205
공원,서울시,마포구,평화의공원,37.564800542519095,126.89648098309726
공원,서울시,마포구,평화의공원,37.5667562300608,126.89751144229422
공원,서울시,마포구,평화의공원,37.56566006457441,126.89797716089717
공원,서울시,마포구,평화의공원,37.56545865529944,126.89869618050255
공원,서울시,마포구,평화의공원,37.56545865529944,126.89869618050255
주요거리,LGU+,서대문구,신촌이대주변,37.561931072328754,126.94172037818075
주요거리,LGU+,서대문구,신촌이대주변,37.561888764118926,126.94537684120534
주요거리,LGU+,서대문구,신촌이대주변,37.561505020612664,126.945389126386
주요거리,LGU+,서대문구,신촌이대주변,37.56118605978994,126.94651530263343
주요거리,LGU+,서대문구,신촌이대주변,37.56118605978994,126.94651530263343
주요거리,LGU+,서대문구,신촌이대주변,37.561780679420124,126.94369244581986
공원,SKT,서대문구,불광천,37.58914569958236,126.91333907970602
공원,SKT,서대문구,불광천,37.5891170754299,126.91331514408745
공원,LGU+,서대문구,안산공원주변,37.58225529212322,126.93892540446873
공원,LGU+,서대문구,안산공원주변,37.58225529212322,126.93892540446873
공원,LGU+,서대문구,홍제천주변,37.58446860854478,126.9387378313329
광장,LGU+,서대문구,서대문구청옥상,37.58166681353986,126.93733233494521
공원,LGU+,서대문구,안산공원주변,37.58319880852607,126.94027257939631
주요거리,LGU+,서대문구,신촌이대주변,37.561360199139486,126.93952428964796
주요거리,LGU+,서대문구,신촌이대주변,37.561360199139486,126.93952428964796
주요거리,LGU+,서대문구,신촌이대주변,37.56102304700153,126.93761103155481
주요거리,LGU+,서대문구,신촌이대주변,37.560442112486044,126.93676107073264
주요거리,LGU+,서대문구,신촌이대주변,37.55934004117758,126.93762294925017
공공청사,서울시,서초구,농업기술센터,37.46847265932911,127.09048927474876
공공청사,서울시,서초구,농업기술센터,37.46847265932911,127.09048927474876
공공청사,서울시,서초구,어린이병원,37.45848821529773,127.06970459491569
주요거리,LGU+,서초구,서래마을,37.502158353056906,126.99983974750697
주요거리,LGU+,서초구,서래마을,37.50046803588433,126.99994025395102
주요거리,LGU+,서초구,서래마을,37.49889835385179,126.99902446277248
주요거리,LGU+,서초구,서래마을,37.49889835385179,126.99902446277248
주요거리,LGU+,서초구,서래마을,37.500638606683005,126.99904685323457
주요거리,LGU+,서초구,서래마을,37.49964333842761,126.99965278983959
공공청사,서울시,서초구,반포 한강안내센터,37.509964874377125,126.9925491430589
공원,KT,서초구,반포한강공원,37.50981148856673,126.99186301895415
공원,KT,서초구,반포한강공원,37.50981148856673,126.99186301895415
주요거리,LGU+,서초구,사당역 거리,37.479805944735304,126.98288411761334
주요거리,LGU+,서초구,사당역 거리,37.48059887583185,126.98471612855684
주요거리,LGU+,서초구,강남역일대(교보거리),37.50643996017562,127.02341533524753
주요거리,LGU+,서초구,강남역일대(교보거리),37.504418511271744,127.02592716992041
주요거리,LGU+,서초구,강남역일대(교보거리),37.504418511271744,127.02592716992041
주요거리,LGU+,서초구,강남역일대(교보거리),37.50219691634745,127.02725858026616
주요거리,LGU+,서초구,강남역일대(교보거리),37.50375857444999,127.02499696868163
주요거리,LGU+,서초구,강남역일대(교보거리),37.504414608893875,127.02558098372512
주요거리,LGU+,서초구,강남역일대(교보거리),37.50475145600697,127.0246797403118
주요거리,LGU+,서초구,강남역일대(교보거리),37.50475145600697,127.0246797403118
주요거리,LGU+,서초구,강남역일대(교보거리),37.502819217592084,127.02528234735603
공공청사,서울시,서초구,보건환경연구원,37.46743561098491,127.03347419177166
공공청사,서울시,서초구,인재개발원,37.48240762843479,127.02017359927596
주요거리,LGU+,서초구,강남역일대(교보거리),37.50162155034334,127.02517736976485
주요거리,LGU+,서초구,강남역일대(교보거리),37.50162155034334,127.02517736976485
공공청사,서울시,서초구,데이터센터,37.48233568709233,127.0227163137637
공공청사,서울시,서초구,품질시험소,37.46989771304855,127.02914416482358
공공청사,서울시,서초구,잠원 한강안내센터,37.52350436095039,127.01308866765766
공공청사,서울시,성동구,청계천문화관,37.57390440213128,127.03560678299183
공공청사,서울시,성동구,청계천문화관,37.57390440213128,127.03560678299183
관광명소,KT,성동구,청계첝,37.57480536012362,127.0384601261865
공원,SKT,성동구,살곶이체육공원,37.55703480339267,127.04837723840467
공원,SKT,성동구,살곶이체육공원,37.55763965587612,127.05000660098975
공원,SKT,성동구,살곶이체육공원,37.558470011424106,127.05101926966461
공원,SKT,성동구,살곶이체육공원,37.558470011424106,127.05101926966461
공공청사,서울시,성동구,한강사업본부,37.541486842634576,127.04291865906708
관광명소,KT,성동구,청계첝,37.57534159293896,127.03888570431144
주요거리,SKT,성동구,한양대주변,37.564048721240205,127.04007431711541
주요거리,SKT,성동구,한양대주변,37.561707241976805,127.04160927197563
주요거리,SKT,성동구,한양대주변,37.561707241976805,127.04160927197563
주요거리,SKT,성동구,한양대주변,37.562914629277834,127.04193042128631
광장,LGU+,성동구,왕십리광장,37.56555600692398,127.03761249110549
광장,LGU+,성동구,왕십리광장,37.564113498936685,127.0379864393546
주요거리,LGU+,성북구,성신여대앞 거리(하나로거리),37.594424730527265,127.0187577905842
주요거리,LGU+,성북구,성신여대앞 거리(하나로거리),37.594424730527265,127.0187577905842
주요거리,LGU+,성북구,성신여대앞 거리(하나로거리),37.59359744687118,127.01930284841936
주요시장,LGU+,성북구,돈암제일시장,37.59446945606781,127.01636615893216
주요시장,LGU+,성북구,돈암제일시장,37.594533745492214,127.0168964466408
주요거리,SKT,성북구,안암역,37.59081783430252,127.03013578434185
주요거리,SKT,성북구,안암역,37.59081783430252,127.03013578434185
공원,LGU+,성북구,개운산생태공원,37.59796555225819,127.02832361842576
공원,LGU+,성북구,개운산생태공원,37.602671345869915,127.02803466599451
공원,LGU+,성북구,개운산생태공원,37.60001837820577,127.02682329176777
공원,LGU+,성북구,개운산생태공원,37.598847770030495,127.02747005134572
공원,LGU+,성북구,개운산생태공원,37.598847770030495,127.02747005134572
주요거리,LGU+,송파구,문정동 로데오,37.49290684243984,127.12486986642998
문화시설,LGU+,송파구,삼전동구민회관,37.50548384434165,127.09344429215841
공원,KT,송파구,백제초기적성총,37.50519204591901,127.1033451375137
문화시설,LGU+,송파구,송파여성문화회관,37.50873807925096,127.1105578214609
문화시설,LGU+,송파구,송파여성문화회관,37.50873807925096,127.1105578214609
주요거리,LGU+,송파구,문정동 로데오,37.50873807925096,127.1105578214609
공원,LGU+,송파구,석촌호수 주변 ,37.51278523057274,127.1042560061858
공원,LGU+,송파구,석촌호수 주변 ,37.51590341109278,127.10763568662799
공원,LGU+,송파구,석촌호수 주변 ,37.51433699560964,127.10785343441847
공원,LGU+,송파구,석촌호수 주변 ,37.51433699560964,127.10785343441847
주요시장,LGU+,송파구,새마을시장,37.51179756613532,127.08537753279492
주요거리,LGU+,송파구,신천성당,37.51355690812864,127.08364373965958
주요거리,LGU+,송파구,잠실2동 주민센터 옥상,37.5146530890651,127.08935248852524
주요거리,LGU+,송파구,잠실본동주민센터 부근,37.50921182455266,127.08427488725263
주요거리,LGU+,송파구,잠실본동주민센터 부근,37.50921182455266,127.08427488725263
공원,LGU+,송파구,석촌호수 주변 ,37.513013669851816,127.10196094468095
공공청사,서울시,송파구,잠실 한강안내센터,37.52033803167473,127.08761385553584
공원,LGU+,송파구,석촌호수 주변 ,37.51328738082984,127.10248204136883
공원,LGU+,송파구,석촌호수 주변 ,37.511126717411,127.103480148292
공원,LGU+,송파구,석촌호수 주변 ,37.511126717411,127.103480148292
공원,SKT,양천구,오목근린공원,37.53016191855158,126.8739529254758
공원,SKT,양천구,양지근린공원,37.525503660559465,126.8318221238051
주요거리,LGU+,양천구,목동로데오 거리 ,37.53016693675261,126.8625805924195
공원,SKT,양천구,갈산근린공원,37.51093901480031,126.86923245840937
공원,SKT,양천구,갈산근린공원,37.51093901480031,126.86923245840937
공공청사,서울시,영등포구,양화 한강안내센터,37.541005878216815,126.90327940486456
공원,LGU+,영등포구,선유도공원,37.54516258574182,126.90260958438537
공원,LGU+,영등포구,선유도공원,37.54608569837131,126.90185088354755
공원,LGU+,영등포구,여의도공원,37.52905267167787,126.93451103795763
공원,LGU+,영등포구,여의도공원,37.52905267167787,126.93451103795763
공원,LGU+,영등포구,여의도공원,37.53682405626678,126.92279755693272
공원,LGU+,영등포구,여의도공원,37.533614254729976,126.9285139960296
공원,LGU+,영등포구,여의도공원,37.52750188445614,126.93651789528708
공원,KT,영등포구,여의한강공원,37.52999693311748,126.93555414825926
공원,KT,영등포구,여의한강공원,37.52999693311748,126.93555414825926
주요거리,LGU+,영등포구,영등포역전거리,37.518889263173044,126.90727281093768
주요거리,LGU+,영등포구,영등포역전거리,37.519020828268594,126.90784129779912
광장,LGU+,용산구,서울역광장,37.55729198121485,126.97361180432554
공원,서울시,용산구,남산공원,37.55384499367503,126.9886637741159
공원,서울시,용산구,남산공원,37.55384499367503,126.9886637741159
공원,서울시,용산구,남산공원,37.554172757806505,126.98851549839642
공원,LGU+,용산구,이촌한강공원,37.52061394837212,126.9715111807779
공원,LGU+,용산구,이촌한강공원,37.519806576429914,126.96985940704391
주요거리,LGU+,용산구,이태원거리,37.53719669958956,126.9957357532659
주요거리,LGU+,용산구,이태원거리,37.53719669958956,126.9957357532659
주요거리,LGU+,용산구,이태원거리,37.53580447464128,126.99502039123324
주요거리,LGU+,용산구,이태원거리,37.537179767306036,126.9919518066896
관광명소,LGU+,용산구,이태원거리,37.537364140196,126.99176407539963
공원,LGU+,용산구,효창공원,37.5478418310504,126.96353415892528
공원,LGU+,용산구,효창공원,37.5478418310504,126.96353415892528
주요거리,SKT,용산구,숙명여대입구,37.54766109348677,126.96781279880605
주요거리,SKT,용산구,숙명여대입구,37.547530528706936,126.96978892228165
공원,LGU+,용산구,효창공원,37.54766549264346,126.9631552280465
주요거리,SKT,용산구,숙명여대입구,37.5475597727308,126.96779787328865
주요거리,SKT,용산구,숙명여대입구,37.5475597727308,126.96779787328865
주요거리,SKT,용산구,숙명여대입구,37.54682067818439,126.96747634692878
광장,LGU+,용산구,나진상가 광장,37.53629781957302,126.96466536242075
광장,LGU+,용산구,선인상가,37.535505014747464,126.96509195955932
주요거리,LGU+,용산구,신용산역 5번출구앞,37.53316416993861,126.9685883389662
주요거리,LGU+,용산구,신용산역 5번출구앞,37.53316416993861,126.9685883389662
주요거리,LGU+,용산구,신용산역 6번출구앞,37.53316416993861,126.9685883389662
주요거리,LGU+,용산구,이태원거리,37.538808345184265,127.00066325001612
공원,LGU+,용산구,효창공원,37.54947285353144,126.96268442473067
공원,LGU+,용산구,효창공원,37.549053184288724,126.96234032208807
공원,LGU+,용산구,효창공원,37.549053184288724,126.96234032208807
공원,LGU+,은평구,궁말어린이공원 CCTV,37.61973566195189,126.909772641033
주요거리,SKT,은평구,연신내로데오거리,37.62253000792554,126.92042949300318
주요거리,SKT,은평구,연신내로데오거리,37.62238725936039,126.92040716319994
공원,LGU+,은평구,박석고개공원,37.62796534552743,126.91928297203341
공원,LGU+,은평구,박석고개공원,37.62796534552743,126.91928297203341
공원,LGU+,은평구,서갈현어린이공원,37.62415075356416,126.91652508593552
주요거리,SKT,은평구,연신내로데오거리,37.62224274501537,126.91869900727414
주요거리,SKT,은평구,연신내로데오거리,37.62072326722638,126.91903036886953
공원,LGU+,은평구,갈마어린이공원,37.61740284380699,126.91679820673855
공원,LGU+,은평구,갈마어린이공원,37.61740284380699,126.91679820673855
주요거리,SKT,은평구,연신내로데오거리,37.620663749462786,126.91913494995345
공원,LGU+,은평구,좌월어린이공원,37.6202439444563,126.91407318232689
공원,SKT,은평구,물빛공원,37.6215781836997,126.9212037480894
공원,SKT,은평구,은평평화공원,37.60861459672032,126.9237826412766
공원,SKT,은평구,은평평화공원,37.60861459672032,126.9237826412766
공원,SKT,은평구,녹번초교,37.60656895590333,126.92773131113509
주요거리,SKT,은평구,연신내로데오거리,37.62032021870973,126.9222450506627
주요거리,SKT,은평구,연신내로데오거리,37.620207315096984,126.92228262909282
공원,SKT,은평구,대조어린이공원,37.61797444520758,126.92052140699944
공원,SKT,은평구,대조어린이공원,37.61797444520758,126.92052140699944
공원,LGU+,은평구,불광어린이공원,37.61905867345658,126.93198829640251
주요거리,SKT,은평구,불광역 거리,37.613360245368696,126.93213506402614
주요시장,LGU+,은평구,연서시장,37.622004595672074,126.92341280826005
공원,SKT,은평구,블광생태공원,37.614371697455894,126.94170077026544
공원,SKT,은평구,블광생태공원,37.614371697455894,126.94170077026544
공원,SKT,은평구,신흥어린이공원,37.598691550041366,126.91261259417271
주요거리,SKT,은평구,역촌동걷고싶은거리,37.60829401436732,126.91897361979645
공원,SKT,은평구,역마을어린이공원,37.60389443896794,126.919532694591
주요거리,SKT,은평구,역촌동걷고싶은거리,37.604271679150834,126.91956983307881
주요거리,SKT,은평구,역촌동걷고싶은거리,37.604271679150834,126.91956983307881
공원,LGU+,은평구,역말어린이공원,37.609551126981366,126.91472822821899
공공청사,서울시,은평구,서북병원,37.606854955412544,126.9053132330305
공원,LGU+,은평구,참다래어린이공원,37.598066312117794,126.91796434893334
공공청사,서울시,은평구,은평병원,37.59681369062319,126.92458798324868
공공청사,서울시,은평구,은평병원,37.59681369062319,126.92458798324868
공원,LGU+,은평구,응암9구역어린이공원(가칭),37.5892845297456,126.92378397619501
공원,SKT,은평구,포수동어린이공원,37.60051806258809,126.92010973696844
공원,SKT,은평구,백련근린공원,37.597187992351905,126.92698461440301
공원,LGU+,은평구,분토골어린이공원,37.58963026774089,126.91245169129726
공원,LGU+,은평구,분토골어린이공원,37.58963026774089,126.91245169129726
광장,LGU+,은평구,구파발역앞광장,37.6396685076024,126.91977268474825
주요거리,KT,종로구,광화문거리,37.57467709341642,126.9834967325527
주요거리,LGU+,종로구,청계천(종로구),37.571250546699595,126.98659145214737
관광명소,KT,종로구,청계첝,37.5715746176296,126.98525467994902
관광명소,KT,종로구,청계첝,37.5715746176296,126.98525467994902
주요거리,LGU+,종로구,청계천(종로구),37.57148875712081,126.98528108477237
주요거리,KT,종로구,광화문거리,37.57619127651152,126.98661137472065
주요거리,KT,종로구,광화문거리,37.57571473664196,126.98852837187542
주요거리,KT,종로구,광화문거리,37.57486630143319,126.97548470359378
주요거리,KT,종로구,광화문거리,37.57486630143319,126.97548470359378
주요거리,LGU+,종로구,대학로,37.58310360095999,127.00423448451639
주요거리,LGU+,종로구,대학로,37.58307977392139,127.00359045302234
주요거리,LGU+,종로구,대학로,37.58455504001124,127.00293715547392
주요거리,LGU+,종로구,대학로,37.58294141322741,127.00797685957542
주요거리,LGU+,종로구,대학로,37.58294141322741,127.00797685957542
주요거리,LGU+,종로구,대학로,37.58274926270198,127.00317676079744
주요거리,LGU+,종로구,대학로,37.5828116013761,127.00321601342168
공원,LGU+,종로구,종묘공원,37.57398238532335,126.99485547051621
공원,SKT,종로구,사직공원,37.57893733209204,126.96955095030958
공원,SKT,종로구,사직공원,37.57893733209204,126.96955095030958
주요거리,LGU+,종로구,삼청동 카페골목,37.58707703646341,126.98349838547844
주요거리,LGU+,종로구,삼청동 카페골목,37.58707691975609,126.9827494784487
관광명소,KT,종로구,청계첝,37.57187058203288,126.98010917631063
공원,KT,종로구,청계천(광장),37.57204094760714,126.9789838647163
공원,KT,종로구,청계천(광장),37.57204094760714,126.9789838647163
공원,KT,종로구,청계천(종로구),37.57184601017949,126.98202237533715
주요거리,LGU+,종로구,청계천(종로구),37.571976729751995,126.98067614061947
광장,LGU+,종로구,광화문광장,37.574678939406944,126.9772092130966
광장,LGU+,종로구,서울역사박물관 광장,37.574175445769995,126.96886503081014
광장,LGU+,종로구,서울역사박물관 광장,37.574175445769995,126.96886503081014
공공청사,서울시,종로구,서울역사박물관,37.5732252370385,126.97140597832913
광장,LGU+,종로구,서울역사박물관 광장,37.57339899721127,126.97145985929666
주요거리,LGU+,종로구,대학로,37.582418263678726,127.00274422221479
관광명소,KT,종로구,청계첝,37.57163171986902,126.99874868075906
관광명소,KT,종로구,청계첝,37.57163171986902,126.99874868075906
주요거리,LGU+,종로구,인사동,37.57570384240338,126.98711915378405
주요거리,LGU+,종로구,인사동,37.57574583337935,126.98693943569276
관광명소,KT,종로구,청계첝,37.57162689381192,126.99684984787959
관광명소,KT,종로구,청계첝,37.57151955221745,126.99532838828054
관광명소,KT,종로구,청계첝,37.57151955221745,126.99532838828054
관광명소,KT,종로구,청계첝,37.57146945222186,126.99458862947266
관광명소,KT,종로구,청계첝,37.57110462390682,126.99319000058077
주요거리,LGU+,종로구,종로거리,37.573098288198835,126.98870259835655
주요거리,LGU+,종로구,대학로,37.58644426085919,127.00212837487939
주요거리,LGU+,종로구,대학로,37.58644426085919,127.00212837487939
주요거리,LGU+,종로구,대학로,37.58612243594533,127.00242006934505
공원,KT,중구,청계천(종로구),37.571500560871726,126.98331031586683
관광명소,KT,중구,청계첝,37.571620857474755,126.98358307981282
관광명소,KT,중구,청계첝,37.57152548314587,126.98343372823243
관광명소,KT,중구,청계첝,37.57152548314587,126.98343372823243
관광명소,KT,중구,청계첝,37.571513319023104,126.98378490144042
주요거리,LGU+,중구,명동거리(종로구),37.56649741511121,126.9831741786567
주요시장,LGU+,중구,남대문시장,37.56370480681559,126.97899567960509
주요시장,LGU+,중구,남대문시장,37.56349008039376,126.97810183486801
주요시장,LGU+,중구,남대문시장,37.56349008039376,126.97810183486801
주요거리,LGU+,중구,명동거리(종로구),37.56347626570742,126.98601237777982
주요시장,LGU+,중구,남대문시장,37.56320070796728,126.9794974409531
주요시장,LGU+,중구,남대문시장,37.56061073976389,126.97790059606562
주요시장,LGU+,중구,남대문시장,37.5623717595583,126.9767141662148
주요시장,LGU+,중구,남대문시장,37.5623717595583,126.9767141662148
공원,KT,중구,청계천(종로구),37.57157178904776,126.98155821527841
공원,KT,중구,청계천(종로구),37.57162531422677,126.98091428034003
주요거리,SKT,중구,명동거리(중구),37.56662177114935,126.9858769625699
주요거리,SKT,중구,명동거리(중구),37.56638314886197,126.98422986373237
주요거리,SKT,중구,명동거리(중구),37.56638314886197,126.98422986373237
주요거리,SKT,중구,명동거리(중구),37.56640130989712,126.98408761490492
주요거리,SKT,중구,명동거리(중구),37.56665754522622,126.9859817684735
주요거리,LGU+,중구,명동거리(종로구),37.566527628573525,126.98602672025028
주요거리,SKT,중구,명동거리(중구),37.56556128661856,126.98619911287273
주요거리,SKT,중구,명동거리(중구),37.56556128661856,126.98619911287273
주요거리,SKT,중구,명동거리(중구),37.565632493958105,126.98614669231736
주요거리,LGU+,중구,명동거리(종로구),37.566402384977756,126.98537537737309
주요거리,LGU+,중구,명동거리(종로구),37.56607460530634,126.98537544810519
주요거리,LGU+,중구,명동거리(종로구),37.56622343498834,126.98425985038408
주요거리,LGU+,중구,명동거리(종로구),37.56622343498834,126.98425985038408
공원,KT,중구,청계천(종로구),37.57165974909698,126.98014904803385
광장,LGU+,중구,서울역,37.55933210491951,126.97276200242106
관광명소,KT,중구,청계첝,37.571300274605456,126.99616401112526
관광명소,KT,중구,청계첝,37.571190592657544,126.99568482525135
관광명소,KT,중구,청계첝,37.571190592657544,126.99568482525135
관광명소,KT,중구,청계첝,37.57110396018834,126.98648273388254
공공청사,서울시,중구,서울시의회별관,37.56733566945579,126.9755082874695
공공청사,서울시,중구,서울시청 서소문청사,37.56724043121199,126.97606984623837
공공청사,서울시,중구,서울시립미술관,37.566894424912604,126.9744901971697
공공청사,서울시,중구,서울시립미술관,37.566894424912604,126.9744901971697
광장,KT,중구,서울광장,37.56792847566148,126.97969313799604
관광명소,KT,중구,청계첝,37.570754054226036,126.99140503558144
관광명소,KT,중구,청계첝,37.57070393156812,126.99068625078897
관광명소,KT,중구,청계첝,37.5706693172402,126.99012918693381
관광명소,KT,중구,청계첝,37.5706693172402,126.99012918693381
주요거리,SKT,중구,청계천(중구),37.57072894868231,126.99007795686231
주요거리,SKT,중구,청계천(중구),37.570728839377004,126.9901589709416
주요거리,LGU+,중구,동대문 거리,37.57066873306089,127.0128943128961
주요거리,LGU+,중구,동대문 거리,37.57224467394385,127.01077526232112
주요거리,LGU+,중구,동대문 거리,37.57224467394385,127.01077526232112
주요거리,LGU+,중구,동대문 거리,37.57130361082906,127.01143297560476
공공청사,서울시,중구,동대문역사관,37.569916165353234,127.01221313079837
주요거리,LGU+,중구,신당동 떡볶이 골목,37.56568924413426,127.01561704987164
공원,서울시,중구,남산공원,37.554349327095856,126.98886729304888
공원,서울시,중구,남산공원,37.554349327095856,126.98886729304888
광장,LGU+,중구,서울광장,37.56885511493165,126.98008545395038
광장,LGU+,중구,서울광장,37.56815181695562,126.97976520987669
광장,KT,중구,서울광장,37.568157354287315,126.97984281247352
광장,LGU+,중구,서울광장,37.568425985968794,126.9799028849005
광장,LGU+,중구,서울광장,37.568425985968794,126.9799028849005
광장,KT,중구,서울광장,37.56838861650969,126.97997152401905
공공청사,서울시,중구,서울시 을지로청사,37.568961242073996,126.98136280523653
관광명소,KT,중구,청계첝,37.57245145890706,127.01055210640276
주요거리,LGU+,중구,동대문 거리,37.570669069448826,127.00858754223096
주요거리,LGU+,중구,동대문 거리,37.570669069448826,127.00858754223096
주요거리,SKT,중구,청계천(중구),37.570918900308165,126.99302214049936
주요거리,SKT,중구,청계천(중구),37.57090667313485,126.99288737093332
관광명소,KT,중구,청계첝,37.57086581117581,126.98845196928335
관광명소,KT,중구,청계첝,37.57149824064273,126.99927280918214
관광명소,KT,중구,청계첝,37.57149824064273,126.99927280918214
관광명소,KT,중구,청계첝,37.57147677580068,126.99910508628662
주요거리,SKT,중구,충무로거리,37.56414361546392,126.98498804564724
주요거리,SKT,중구,충무로거리,37.56422714146919,126.98567680758487
주요거리,SKT,중구,충무로거리,37.56424503612242,126.9857516761688
주요거리,SKT,중구,충무로거리,37.56424503612242,126.9857516761688
주요거리,SKT,중구,충무로거리,37.56413763408521,126.9848682626626
주요시장,LGU+,중구,남대문시장,37.564015088954655,126.98112481862645
공원,KT,중구,청계천(광장),37.57186441561073,126.97832501919497
공공청사,서울시,중구,서울시 신청사,37.56935675688314,126.97920330659969
공공청사,서울시,중구,서울시 신청사,37.56935675688314,126.97920330659969
공공청사,서울시,중구,서울광장,37.568944122997905,126.9789698901952
공공청사,서울시,중구,서울시의회본관,37.57028016340184,126.97746895348155
공원,KT,중구,청계천(종로구),37.57114801656023,126.9781140964881
공공청사,서울시,중구,서울광장,37.56894758458999,126.97837390609061
공공청사,서울시,중구,서울광장,37.56894758458999,126.97837390609061
공공청사,서울시,중구,서울도서관,37.56905390255805,126.9786583272628
관광명소,LGU+,중구,덕수궁 정문,37.56747318521109,126.9776300772721
관광명소,KT,중구,남산골한옥마을,37.56163163714156,126.99384086583657
관광명소,KT,중구,남산골한옥마을,37.562318084293324,126.9940025110306
관광명소,KT,중구,남산골한옥마을,37.562318084293324,126.9940025110306
관광명소,KT,중구,남산골한옥마을,37.56204643905795,126.99405044843937
관광명소,KT,중구,남산골한옥마을,37.56202725288444,126.99412830852421
관광명소,KT,중구,청계첝,37.57377343016287,127.01983405729477
공원,LGU+,중랑구,중랑캠핑숲,37.60977010346877,127.11358260113889
공원,LGU+,중랑구,중랑캠핑숲,37.60977010346877,127.11358260113889
공원,LGU+,중랑구,중랑캠핑숲,37.60901054239832,127.11009053575467
공원,LGU+,중랑구,중랑캠핑숲,37.60759133017807,127.11097242241496
공원,LGU+,중랑구,중랑캠핑숲,37.60744867393462,127.11056769167388
공원,LGU+,중랑구,용마폭포공원,37.57599762979085,127.09205795114079
공원,LGU+,중랑구,용마폭포공원,37.57599762979085,127.09205795114079
공원,LGU+,중랑구,면목역공원,37.59135038485236,127.0874741153603
공원,LGU+,중랑구,용마폭포공원,37.57662533927428,127.09107628889174
공원,LGU+,중랑구,용마폭포공원,37.57713526806534,127.09136444083896
공원,LGU+,중랑구,봉수대공원,37.609295569435616,127.09234034289625
공원,LGU+,중랑구,봉수대공원,37.609295569435616,127.09234034289625
